{
  "model_name": "XGBoost_Optimized",
  "features": [
    "ret_1",
    "ret_3",
    "ret_5",
    "ret_10",
    "ret_20",
    "vol_5",
    "vol_10",
    "vol_20",
    "dd_20",
    "range_pct",
    "rsi_14",
    "macd_signal",
    "bb_position",
    "momentum_10",
    "obv_change",
    "atr_14",
    "ema_ratio",
    "volume_sma_ratio",
    "stoch_k",
    "adx_14"
  ],
  "trained_at": "2026-02-10T03:23:18.236473",
  "test_accuracy": 0.4716599190283401,
  "test_f1": 0.5347593582887701,
  "test_precision": 0.4807692307692308,
  "test_recall": 0.6024096385542169,
  "test_roc_auc": 0.4796656011802311
}